{"loss": 36.30683517456055, "cancer_loss": 0.3067503571510315, "aux_loss": 0.3829796314239502, "lr": 1.6007234329508194e-09, "epoch": 2, "_timestamp": 1677167978.5723095, "_runtime": 5483.395233392715, "_step": 41042, "eval_cancer_loss": 0.7228319655216654, "eval_f1": 0.06666666666666667, "max_eval_f1": 0.06666666666666667, "eval_f1_thres": 0.34, "eval_loss": 42.35015800352582, "eval_aux_loss": 0.4428438940213208, "_wandb": {"runtime": 5481}}