{"loss": 37.266981673240664, "cancer_loss": 0.2665162801742554, "aux_loss": 0.3936219811439514, "lr": 1.6025442487820337e-09, "epoch": 3, "_timestamp": 1677025931.378932, "_runtime": 4542.662240982056, "_step": 21887, "eval_cancer_loss": 0.9748815897498055, "eval_f1": 0.205607476635514, "max_eval_f1": 0.205607476635514, "eval_f1_thres": 0.86, "eval_loss": 39.45829533189431, "eval_aux_loss": 0.4093980185334522, "_wandb": {"runtime": 4540}}