{"loss": 20.44763946533203, "cancer_loss": 0.00311279296875, "aux_loss": 0.21749496459960938, "lr": 1.6016291528907414e-09, "epoch": 3, "_timestamp": 1677089155.4675, "_runtime": 3266.271740913391, "_step": 27351, "eval_cancer_loss": 2.6265622886975395, "eval_f1": 0.2222222222222222, "max_eval_f1": 0.26016260162601623, "eval_f1_thres": 0.52, "eval_loss": 50.708199470466525, "eval_aux_loss": 0.5115067785294574, "_wandb": {"runtime": 3265}}