{"loss": 30.737732410430908, "cancer_loss": 0.09644174575805664, "aux_loss": 0.32597118616104126, "lr": 1.6025442487820337e-09, "epoch": 3, "_timestamp": 1677035167.3887196, "_runtime": 4529.882769584656, "_step": 21887, "eval_cancer_loss": 1.1916078402792638, "eval_f1": 0.21359223300970873, "max_eval_f1": 0.21359223300970873, "eval_f1_thres": 0.79, "eval_loss": 39.83728215478708, "eval_aux_loss": 0.4111241948351896, "_wandb": {"runtime": 4528}}