{"loss": 23.544947803020477, "cancer_loss": 0.01728743314743042, "aux_loss": 0.2502942681312561, "lr": 1.6016277241282417e-09, "epoch": 3, "_timestamp": 1677092434.1848888, "_runtime": 3275.0041687488556, "_step": 27363, "eval_cancer_loss": 1.4817866753806253, "eval_f1": 0.25, "max_eval_f1": 0.2988505747126437, "eval_f1_thres": 0.6900000000000001, "eval_loss": 51.379307613799675, "eval_aux_loss": 0.5308246908342452, "_wandb": {"runtime": 3273}}