{"loss": 27.11951446533203, "cancer_loss": 0.19364553689956665, "aux_loss": 0.28644540905952454, "lr": 1.6007241738662935e-09, "epoch": 2, "_timestamp": 1677162490.1169527, "_runtime": 5457.066229581833, "_step": 41021, "eval_cancer_loss": 0.9199090986477764, "eval_f1": 0.2, "max_eval_f1": 0.2857142857142857, "eval_f1_thres": 0.9400000000000001, "eval_loss": 46.181826299711354, "eval_aux_loss": 0.4815097574581232, "_wandb": {"runtime": 5456}}