{"loss": 30.410764860255377, "cancer_loss": 0.33137719546045574, "aux_loss": 0.3199934959411621, "lr": 1.6025442487820337e-09, "epoch": 3, "_timestamp": 1677030547.0583134, "_runtime": 4526.019892454147, "_step": 21887, "eval_cancer_loss": 0.7931313898643791, "eval_f1": 0.319327731092437, "max_eval_f1": 0.319327731092437, "eval_f1_thres": 0.9, "eval_loss": 40.1816474288179, "eval_aux_loss": 0.4190267663718459, "_wandb": {"runtime": 4524}}