{"loss": 24.75490689277649, "cancer_loss": 0.03065037727355957, "aux_loss": 0.2630240023136139, "lr": 1.6025451791230025e-09, "epoch": 3, "_timestamp": 1677021379.5669632, "_runtime": 4537.055089235306, "_step": 21883, "eval_cancer_loss": 0.8050443127918434, "eval_f1": 0.23225806451612904, "max_eval_f1": 0.28571428571428575, "eval_f1_thres": 0.73, "eval_loss": 39.27838398704764, "eval_aux_loss": 0.4092908475984659, "_wandb": {"runtime": 4535}}