{"loss": 34.89713475108147, "cancer_loss": 0.12672993540763855, "aux_loss": 0.3698979318141937, "lr": 1.6025433189517653e-09, "epoch": 3, "_timestamp": 1677016752.0649464, "_runtime": 4554.4127633571625, "_step": 21891, "eval_cancer_loss": 0.9675857329063524, "eval_f1": 0.2826086956521739, "max_eval_f1": 0.2826086956521739, "eval_f1_thres": 0.96, "eval_loss": 40.13672298388213, "eval_aux_loss": 0.41669294947846575, "_wandb": {"runtime": 4553}}